Nummer;Kategorie (A-Z);Titel (A-Z)
1;Agile Innovation;45 Vorschläge, wie ein Garagenbetrieb effizienter wird – Studierende analysieren die «Autowerkstatt der Zukunft»
2;Agile Innovation;Digitaltag Schweiz 2019: In unserer Digital-Entrepreneurship-Werkstatt spüren Schülerinnen und Schüler ersten Unternehmergeist
3;Agile Innovation;Empfehlung: Future of Work Podcast der Bertelsmann Stiftung
4;Agile Innovation;Erfolgsfaktoren für digitale Solutions: Wie steht es um die Innovationskultur in Ihrem Unternehmen?
5;Agile Innovation;Forum Day: Rückblick auf den «Smart IoT & Mobile Business Award»
6;Agile Innovation;Swissteach AG gemeinsam mit CULTURE CONTACT auf dem Vormarsch in Sachen «Kulturelle Kompetenz»
7;Agile Innovation;Teil 5/5 [Lernkultur]: Raum für neue Lernkultur an der Uni St.Gallen – Warum “positive Fehlerkultur” ein unglücklicher Begriff ist
8;Agile Innovation;Unser Beitrag “The Startup Collaboration Model” im Buch Ecosystem Innovation von Kickstart
9;Agile Innovation;Unsere Empfehlung: Online Brainstorming Tool „Miro“
10;Agile Innovation;Vision Videos – ein Medium für eine geteilte Projektvision in studentischen Teams oder im Unternehmen
11;Agile Innovation;Zwanzig Aspekte von Innovationskultur, um digitale Lösungen zu entwickeln – Wie steht es bei Ihnen?
12;Allgemein;Insights vom 49. St.Gallen Symposium zum Thema “Capital for Purpose”
13;Allgemein;Unsere Linktipps im Februar
14;Artificial Intelligence;3 spannende KI-Startups vom «World Summit AI» in Amsterdam
15;Artificial Intelligence;3. Startfeld Innovationsforum zum Thema “Jäger & Sammler: Mehrwert durch Datennutzung”
16;Artificial Intelligence;AI for Everyone: Ein empfehlenswerter Crashkurs über Künstliche Intelligenz
17;Artificial Intelligence;AI generierte Gesichter: Können wir unseren Augen noch trauen?
18;Artificial Intelligence;Eddy: ein KI-Reiseassistent per Chat und Sprachnachricht
19;Artificial Intelligence;Manipulierte Videos: Die Gefahr durch Deepfakes
20;Artificial Intelligence;Roboter löst Rubik’s Cube ohne menschliche Hilfe
21;Artificial Intelligence;Swissteach AG gemeinsam mit CULTURE CONTACT auf dem Vormarsch in Sachen «Kulturelle Kompetenz»
22;Artificial Intelligence;Trendradar von fortiss zu aktuellen Softwarethemen
23;Corporate Entrepreneurship;Empfehlung: Future of Work Podcast der Bertelsmann Stiftung
24;Corporate Entrepreneurship;Highlights vom Start Summit: Auf der Suche nach dem «Unicorn»
25;Cyber Security;“Turbo-Digitizing at the Expense of Security?” Webinar mit Mario Silic und Shira Kaplan
26;Cyber Security;Jami – sicher chatten durch Blockchain
27;Cyber Security;Mehr (digitale) Privatsphäre durch besondere Kleidung?
28;Digital;“Business-Thinking”-Fokus im Master-Kurs
29;Digital;Digital Storytelling am Zukunftstag
30;Digital;Global Learning Landscape 2021
31;Digital;Lach- und Sachgeschichten von der Maus: SmartHome
32;Digital;Methoden zur effektiveren Gestaltung von E-Postern
33;Digital;Motivation für die Online-Lehre: das preisgekrönte Video von Maryam Tsegaye
34;Digital;Neues Projekt mit Smartfeld: filMINT für Kinder und Jugendliche
35;Digital;Online-Veranstaltung am 22./23. Feb:  «Willkommen in den Zwanzigern – gewinnen und scheitern mit digitaler Bildung»
36;Digital;Studie – Digital Transformation Index 2020 von Dell Technologies
37;Digital;Tipps und Tricks für erfolgreiches Präsentieren in Videokonferenzen
38;Digital;Vision Videos – ein Medium für eine geteilte Projektvision in studentischen Teams oder im Unternehmen
39;Digital;Zurück ins Büro? Mit diesen Veränderungen könnte es gehen (trotz Corona)
40;Future of Work;“Turbo-Digitizing at the Expense of Security?” Webinar mit Mario Silic und Shira Kaplan
41;Future of Work;Die Sprache der Videokonferenzen: die wichtigsten Handzeichen
42;Future of Work;E-LEARNING SO GEFRAGT WIE NOCH NIE
43;Future of Work;Erfolgsfaktoren für digitale Solutions: Wie steht es um die Innovationskultur in Ihrem Unternehmen?
44;Future of Work;Global Learning Landscape 2021
45;Future of Work;Kleines E-Learning Glossar
46;Future of Work;Management Weiterbildung – Megatrends sprechen für Aufwind
47;Future of Work;Online-Veranstaltung am 22./23. Feb:  «Willkommen in den Zwanzigern – gewinnen und scheitern mit digitaler Bildung»
48;Future of Work;Storytelling im eLearning Kontext – Tipps für die Praxis
49;Future of Work;Tipps und Tricks für erfolgreiches Präsentieren in Videokonferenzen
50;Future of Work;ZPE 2020: Digitaler Thementag „Learning & Training“ am 14. Oktober
51;Future of Work;Zurück ins Büro? Mit diesen Veränderungen könnte es gehen (trotz Corona)
52;Kolumne;Bereits 1925 erfunden – Multifunktionsmaske fürs Büro
53;Kolumne;Corona-Quarantäne als Zeitgeschenk der Möglichkeiten
54;Kolumne;Das Mandala-Osterei Experiment
55;Kolumne;Das Web hat ein Messie-Syndrom
56;Kolumne;Devices und Apps für Helikoptereltern – mit Fragezeichen
57;Kolumne;Digitaler Maulkorb – mein Retusche-Favorit
58;Kolumne;Digitalisierung auf Deutsch und in Wortschönheiten
59;Kolumne;Dozenten-Ichs und Klebeband für Lehre-Videos
60;Kolumne;REgnosen statt PROgnosen wenn die Zukunft ihre Richtung ändert
61;Kolumne;Technikzeitreise – wie waren wir vor 30-20-10 Jahren digital unterwegs?
62;Kolumne;Was wäre was Wildes?
63;Kolumne;Zeitkapselwunsch 2050: Der nächste Hochschulbau wird ein Ufo
64;Learning Innovations;360-Grad Bilder und VR-Brillen erklärt von der Maus
65;Learning Innovations;4 Tipps für die Einbindung von Videos in die Lehre – eine Studie mit Ergebnissen von vor Covid19
66;Learning Innovations;Digital Storytelling – möglicher Einsatz im Bildungskontext
67;Learning Innovations;Digital Storytelling am Zukunftstag
68;Learning Innovations;E-LEARNING SO GEFRAGT WIE NOCH NIE
69;Learning Innovations;Global Learning Landscape 2021
70;Learning Innovations;Kleines E-Learning Glossar
71;Learning Innovations;Learning Analytics – Das Lernen der Zukunft basiert auf Smart Data
72;Learning Innovations;Methoden zur effektiveren Gestaltung von E-Postern
73;Learning Innovations;Motivation für die Online-Lehre: das preisgekrönte Video von Maryam Tsegaye
74;Learning Innovations;Neues Projekt mit Smartfeld: filMINT für Kinder und Jugendliche
75;Learning Innovations;Online-Veranstaltung am 22./23. Feb:  «Willkommen in den Zwanzigern – gewinnen und scheitern mit digitaler Bildung»
76;Learning to Code;360-Grad Bilder und VR-Brillen erklärt von der Maus
77;Learning to Code;Cellulo: mit einem Roboter Schreiben lernen
78;Learning to Code;Global Learning Landscape 2021
79;Lehrstuhlnachrichten;“Business-Thinking”-Fokus im Master-Kurs
80;Lehrstuhlnachrichten;Call for Papers: WuM Heft Themenschwerpunkt «Digitale Plattformen und Ökosysteme»
81;Lehrstuhlnachrichten;Digital Storytelling am Zukunftstag
82;Lehrstuhlnachrichten;Ein Rückblick auf den Forum Day 2020: Smart IoT & Mobile Business
83;Lehrstuhlnachrichten;Erfolgsfaktoren für digitale Solutions: Wie steht es um die Innovationskultur in Ihrem Unternehmen?
84;Lehrstuhlnachrichten;Jetzt Einreichen oder Workshop-Partner werden
85;Lehrstuhlnachrichten;Konfrontiert mit einer Flut von Kooperationsanfragen: So meistern Sportorganisationen die systematische Analyse und Bearbeitung
86;Lehrstuhlnachrichten;Neues (altes) Gesicht am Lehrstuhl: Lena-Marie Pätzmann
87;Lehrstuhlnachrichten;Neues Projekt mit Smartfeld: filMINT für Kinder und Jugendliche
88;Lehrstuhlnachrichten;Noch einen Monat: Reichen Sie bis zum 12.3 Ihre Smart IoT oder Mobile Business Solution ein und nehmen Sie am Forum Day 2021 teil
89;Lehrstuhlnachrichten;Regierung bewilligt ITBO-Projektauftrag zur Digital-Entrepreneurship-Werkstatt
90;Lehrstuhlnachrichten;Save the Date! Am 20. Mai 2021 findet der nächste Smart IoT & Mobile Business Forum Day statt.
91;Leseempfehlung;Big Data in der Lehre (be)greifbar machen
92;Leseempfehlung;Drei Fragen für die Persönlichkeitsentwicklung in «Das Café am Rande der Welt» (Buchreview)
93;Leseempfehlung;Konfrontiert mit einer Flut von Kooperationsanfragen: So meistern Sportorganisationen die systematische Analyse und Bearbeitung
94;Leseempfehlung;Leseempfehlung: Studie über den Einsatz interner sozialer Netzwerke in Unternehmen
95;Leseempfehlung;Mehr (digitale) Privatsphäre durch besondere Kleidung?
96;Leseempfehlung;Motivation für die Online-Lehre: das preisgekrönte Video von Maryam Tsegaye
97;Leseempfehlung;Storytelling im eLearning Kontext – Tipps für die Praxis
98;Leseempfehlung;Studie – Digital Transformation Index 2020 von Dell Technologies
99;Leseempfehlung;Tipps und Tricks für erfolgreiches Präsentieren in Videokonferenzen
100;Leseempfehlung;Welche Trends werden in drei Jahren das digitale Lernen und die Weiterbildung bestimmen?
101;Leseempfehlung;Zukunftsforscher Janszky über unser Leben und Arbeiten im Jahr 2030
102;Leseempfehlung;Zurück ins Büro? Mit diesen Veränderungen könnte es gehen (trotz Corona)
103;Linktipps;360-Grad Bilder und VR-Brillen erklärt von der Maus
104;Linktipps;4 Tipps für die Einbindung von Videos in die Lehre – eine Studie mit Ergebnissen von vor Covid19
105;Linktipps;Digital Storytelling – möglicher Einsatz im Bildungskontext
106;Linktipps;E-LEARNING SO GEFRAGT WIE NOCH NIE
107;Linktipps;Global Learning Landscape 2021
108;Linktipps;Kleines E-Learning Glossar
109;Linktipps;Learning Analytics – Das Lernen der Zukunft basiert auf Smart Data
110;Linktipps;Management Weiterbildung – Megatrends sprechen für Aufwind
111;Linktipps;Methoden zur effektiveren Gestaltung von E-Postern
112;Linktipps;Motivation für die Online-Lehre: das preisgekrönte Video von Maryam Tsegaye
113;Linktipps;Studie – Digital Transformation Index 2020 von Dell Technologies
114;Linktipps;Zurück ins Büro? Mit diesen Veränderungen könnte es gehen (trotz Corona)
115;Management Tools;«Microsoft Teams»: eine Vereinigung von bisher separaten Teamarbeitstools
116;Management Tools;Clockify – ein Zeiterfassungssystem für projektübergreifende Teams
117;Management Tools;Global Learning Landscape 2021
118;Management Tools;Unsere Empfehlung: Online Brainstorming Tool „Miro“
119;Mobile Business;“Business-Thinking”-Fokus im Master-Kurs
120;Mobile Business;Bekanntgabe der nominierten Lösungen des Forum Day 2020
121;Mobile Business;Die Jurierung der eingereichten Lösungen für den Forum Day 2020 ist abgeschlossen
122;Mobile Business;Ein Rückblick auf den Forum Day 2020: Smart IoT & Mobile Business
123;Mobile Business;Forum Day 2020 Updates
124;Mobile Business;Forum Day und Jurytag sind auf unbestimmte Zeit verschoben
125;Mobile Business;High-Resolution Prototyp für das Gesundheitswesen
126;Mobile Business;Jetzt Einreichen oder Workshop-Partner werden
127;Mobile Business;Noch bis zum 3. März Ihre Lösung einreichen und den Smart IoT oder Mobile Business Award 2020 gewinnen
128;Mobile Business;Noch einen Monat: Reichen Sie bis zum 12.3 Ihre Smart IoT oder Mobile Business Solution ein und nehmen Sie am Forum Day 2021 teil
129;Mobile Business;Save the Date! Am 20. Mai 2021 findet der nächste Smart IoT & Mobile Business Forum Day statt.
130;Mobile Business;Welche Trends werden in drei Jahren das digitale Lernen und die Weiterbildung bestimmen?
131;Praxisprojekt;45 Vorschläge, wie ein Garagenbetrieb effizienter wird – Studierende analysieren die «Autowerkstatt der Zukunft»
132;Praxisprojekt;DayCatcher: Achtsamkeits-Training in der Digitalen Welt
133;Praxisprojekt;Fortschrittsverfolgung der Digitalen Transformation im Unternehmen – ausgehend von Digitale Reife Assessments
134;Praxisprojekt;Forum Day: Rückblick auf den «Smart IoT & Mobile Business Award»
135;Praxisprojekt;High-Resolution Prototyp für das Gesundheitswesen
136;Praxisprojekt;Insights aus unseren studentischen Projekten
137;Praxisprojekt;Neues Projekt mit Smartfeld: filMINT für Kinder und Jugendliche
138;Productivity Tools;Clockify – ein Zeiterfassungssystem für projektübergreifende Teams
139;Productivity Tools;Time-Tracking – Effizienteres Arbeiten mit Timeular’s Zei
140;Productivity Tools;Unsere Empfehlung: Online Brainstorming Tool „Miro“
141;Publikation;Erfolgsfaktoren für digitale Solutions: Wie steht es um die Innovationskultur in Ihrem Unternehmen?
142;Publikation;Innovation durch den Einsatz von Enterprise IoT-Lösungen: Ein Modell zur Bestimmung des Innovationspotenzials
143;Publikation;Unser Beitrag “The Startup Collaboration Model” im Buch Ecosystem Innovation von Kickstart
144;Smart-IoT;“Business-Thinking”-Fokus im Master-Kurs
145;Smart-IoT;Bekanntgabe der nominierten Lösungen des Forum Day 2020
146;Smart-IoT;Call for Papers: WuM Heft Themenschwerpunkt «Digitale Plattformen und Ökosysteme»
147;Smart-IoT;Die Jurierung der eingereichten Lösungen für den Forum Day 2020 ist abgeschlossen
148;Smart-IoT;Ein Rückblick auf den Forum Day 2020: Smart IoT & Mobile Business
149;Smart-IoT;Forum Day 2020 Updates
150;Smart-IoT;Forum Day und Jurytag sind auf unbestimmte Zeit verschoben
151;Smart-IoT;High-Resolution Prototyp für das Gesundheitswesen
152;Smart-IoT;Jetzt Einreichen oder Workshop-Partner werden
153;Smart-IoT;Lach- und Sachgeschichten von der Maus: SmartHome
154;Smart-IoT;Noch einen Monat: Reichen Sie bis zum 12.3 Ihre Smart IoT oder Mobile Business Solution ein und nehmen Sie am Forum Day 2021 teil
155;Smart-IoT;Save the Date! Am 20. Mai 2021 findet der nächste Smart IoT & Mobile Business Forum Day statt.
156;Sponsored Post;Berufliche Bildung im digitalen Zeitalter: Das Expertenportal “Learning Insights” startet durch
157;Sponsored Post;E-LEARNING SO GEFRAGT WIE NOCH NIE
158;Sponsored Post;Kostenloses E-Learning zu Präventionsmassnahmen des Coronavirus
159;Sponsored Post;Studie zu E-Learning Trends – wie klappt das E-Learning bei Ihnen im Unternehmen?
160;Sponsored Post;Swissteach AG gemeinsam mit CULTURE CONTACT auf dem Vormarsch in Sachen «Kulturelle Kompetenz»
161;Sports Digitalization;Call for Papers: WuM Heft 5 Themenschwerpunkt “IT und Sport”
162;Sports Digitalization;Digitalisierung im Stadion – die Entwicklung einer mobilen Spieltags-App
163;Sports Digitalization;Konfrontiert mit einer Flut von Kooperationsanfragen: So meistern Sportorganisationen die systematische Analyse und Bearbeitung