hastag;Titel
Digital;(Nicht) noch ein Sprachassistenten oder „Hallo Magenta!“
Digital;“Business-Thinking”-Fokus im Master-Kurs
Lehrstuhlnachrichten;“Business-Thinking”-Fokus im Master-Kurs
Mobile Business;“Business-Thinking”-Fokus im Master-Kurs
Smart-IoT;“Business-Thinking”-Fokus im Master-Kurs
Cyber Security;“Turbo-Digitizing at the Expense of Security?” Webinar mit Mario Silic und Shira Kaplan
Future of Work;“Turbo-Digitizing at the Expense of Security?” Webinar mit Mario Silic und Shira Kaplan
Digital;«Microsoft Teams»: eine Vereinigung von bisher separaten Teamarbeitstools
Future of Work;«Microsoft Teams»: eine Vereinigung von bisher separaten Teamarbeitstools
Management Tools;«Microsoft Teams»: eine Vereinigung von bisher separaten Teamarbeitstools
Mobile Business;10% happier: Meditation für Skeptiker
Lehrstuhlnachrichten;15 Einreichungen zum IWI-HSG Mobile Business Best Practice Award – Rekord
Mobile Business;3 essentielle Tipps für E-Book Newbies: Was sollten Sie beim Formatieren eines E-Books unbedingt beachten?
Artificial Intelligence;3 spannende KI-Startups vom «World Summit AI» in Amsterdam
Digital;3 spannende KI-Startups vom «World Summit AI» in Amsterdam
Artificial Intelligence;3. Startfeld Innovationsforum zum Thema “Jäger & Sammler: Mehrwert durch Datennutzung”
Digital;3. Startfeld Innovationsforum zum Thema “Jäger & Sammler: Mehrwert durch Datennutzung”
Digital;360-Grad Bilder und VR-Brillen erklärt von der Maus
Learning Innovations;360-Grad Bilder und VR-Brillen erklärt von der Maus
Learning to Code;360-Grad Bilder und VR-Brillen erklärt von der Maus
Linktipps;360-Grad Bilder und VR-Brillen erklärt von der Maus
Digital;4 Tipps für die Einbindung von Videos in die Lehre – eine Studie mit Ergebnissen von vor Covid19
Learning Innovations;4 Tipps für die Einbindung von Videos in die Lehre – eine Studie mit Ergebnissen von vor Covid19
Linktipps;4 Tipps für die Einbindung von Videos in die Lehre – eine Studie mit Ergebnissen von vor Covid19
Agile Innovation;45 Vorschläge, wie ein Garagenbetrieb effizienter wird – Studierende analysieren die «Autowerkstatt der Zukunft»
Digital;45 Vorschläge, wie ein Garagenbetrieb effizienter wird – Studierende analysieren die «Autowerkstatt der Zukunft»
Lehrstuhlnachrichten;45 Vorschläge, wie ein Garagenbetrieb effizienter wird – Studierende analysieren die «Autowerkstatt der Zukunft»
Praxisprojekt;45 Vorschläge, wie ein Garagenbetrieb effizienter wird – Studierende analysieren die «Autowerkstatt der Zukunft»
Lehrstuhlnachrichten;6. St.Gallen Mobile Business Forum am 7. Nov. in Zürich
Learning Innovations;9 Plattformen zum Programmieren lernen
Lehrstuhlnachrichten;Agil als Managementprinzip macht Karriere: Agile Methoden sind über Softwareentwicklung – wie mit SCRUM – hinaus anwendbar
Artificial Intelligence;AI for Everyone: Ein empfehlenswerter Crashkurs über Künstliche Intelligenz
Artificial Intelligence;AI generierte Gesichter: Können wir unseren Augen noch trauen?
Digital;Angstbefreites Scheitern – ein Interview mit Prof. Dr. Andrea Back in der HZ
Lehrstuhlnachrichten;Angstbefreites Scheitern – ein Interview mit Prof. Dr. Andrea Back in der HZ
Mobile Business;App-Programmierung einfach gemacht
Digital;Arbeitsform „Freelancer“ unter die Lupe genommen
Leseempfehlung;Artificial Intelligence – Studierende wollen Anwendungen hands-on verstehen
Lehrstuhlnachrichten;Auf der Suche einer neuen Location für das 6. Mobile Business Forum – Coworking Tour in Zürich
Digital;Aufruf zu Einreichungen bis 3.3.2020 für die Smart IoT und Mobile Business Best Practice Awards
Lehrstuhlnachrichten;Aufruf zu Einreichungen bis 3.3.2020 für die Smart IoT und Mobile Business Best Practice Awards
Mobile Business;Aufruf zu Einreichungen bis 3.3.2020 für die Smart IoT und Mobile Business Best Practice Awards
Smart-IoT;Aufruf zu Einreichungen bis 3.3.2020 für die Smart IoT und Mobile Business Best Practice Awards
Mobile Business;Augmented Worker – Reparatur einer Wärmepumpe mit der Hololens
Lehrstuhlnachrichten;Ausblick: Research Salon am Comer See
Digital;Bachelorstudierende entwickeln innovative Ideen mit Hilfe des «IoT Service Kits»
Learning Innovations;Bachelorstudierende entwickeln innovative Ideen mit Hilfe des «IoT Service Kits»
Lehrstuhlnachrichten;Bachelorstudierende entwickeln innovative Ideen mit Hilfe des «IoT Service Kits»
Learning Innovations;Beitrag Marketplace an der SeLC: Mini Design Thinking Sprint zur Zukunft der Lehre
Digital;Bekanntgabe der nominierten Lösungen des Forum Day 2020
Lehrstuhlnachrichten;Bekanntgabe der nominierten Lösungen des Forum Day 2020
Mobile Business;Bekanntgabe der nominierten Lösungen des Forum Day 2020
Smart-IoT;Bekanntgabe der nominierten Lösungen des Forum Day 2020
Kolumne;Bereits 1925 erfunden – Multifunktionsmaske fürs Büro
Future of Work;Berufliche Bildung im digitalen Zeitalter: Das Expertenportal “Learning Insights” startet durch
Learning Innovations;Berufliche Bildung im digitalen Zeitalter: Das Expertenportal “Learning Insights” startet durch
Linktipps;Berufliche Bildung im digitalen Zeitalter: Das Expertenportal “Learning Insights” startet durch
Sponsored Post;Berufliche Bildung im digitalen Zeitalter: Das Expertenportal “Learning Insights” startet durch
Future of Work;Beyond the End of Work: Es ist rational, optimistisch in die Zukunft zu blicken
Digital;Big Data in der Lehre (be)greifbar machen
Learning Innovations;Big Data in der Lehre (be)greifbar machen
Leseempfehlung;Big Data in der Lehre (be)greifbar machen
Linktipps;Big Data in der Lehre (be)greifbar machen
Digital;Bildungseinrichtungen digital transformiert
Mobile Business;Blockchain – mehr als nur Bitcoins?
Leseempfehlung;Buch „Lean Startup“: Zuhören und Dienen als Geschäftsprinzip
Leseempfehlung;Buch Homo Deus – in was für einer Zukunft wollen wir leben?
Digital;Bund und Verbände lancieren Cybersecurity-Schnelltest für KMU
Lehrstuhlnachrichten;Call for Papers
Digital;Call for Papers: WuM Heft 5 Themenschwerpunkt “IT und Sport”
Lehrstuhlnachrichten;Call for Papers: WuM Heft 5 Themenschwerpunkt “IT und Sport”
Sports Digitalization;Call for Papers: WuM Heft 5 Themenschwerpunkt “IT und Sport”
Digital;Call for Papers: WuM Heft Themenschwerpunkt «Digitale Plattformen und Ökosysteme»
Lehrstuhlnachrichten;Call for Papers: WuM Heft Themenschwerpunkt «Digitale Plattformen und Ökosysteme»
Smart-IoT;Call for Papers: WuM Heft Themenschwerpunkt «Digitale Plattformen und Ökosysteme»
Lehrstuhlnachrichten;CAS Digital Insurance Transformation
Digital;Cellulo: mit einem Roboter Schreiben lernen
Learning Innovations;Cellulo: mit einem Roboter Schreiben lernen
Learning to Code;Cellulo: mit einem Roboter Schreiben lernen
Linktipps;Cellulo: mit einem Roboter Schreiben lernen
Digital;Changing the Game: Der Aufstieg von Sports Analytics
Digital;Clockify – ein Zeiterfassungssystem für projektübergreifende Teams
Future of Work;Clockify – ein Zeiterfassungssystem für projektübergreifende Teams
Management Tools;Clockify – ein Zeiterfassungssystem für projektübergreifende Teams
Productivity Tools;Clockify – ein Zeiterfassungssystem für projektübergreifende Teams
Lehrstuhlnachrichten;Coding spielend entdecken – für Kinder
Kolumne;Corona-Quarantäne als Zeitgeschenk der Möglichkeiten
Future of Work;Co-Working aus Unternehmenssicht II: Unsere neue Studie
Lehrstuhlnachrichten;Darf ich vorstellen: Neues Gesicht am Lehrstuhl
Learning Innovations;Darf ich vorstellen? e.DO der erste nach ISO zertifizierte Lernroboter
Mobile Business;Das Bitcoin Handy: Wie ein Israerlisches Unternehmen den Einsatz von Bitcoins vereinfachen will
Future of Work;Das Büro der Zukunft: eine Visualisierung
Linktipps;Das Büro der Zukunft: eine Visualisierung
Leseempfehlung;Das Design Thinking Playbook
Kolumne;Das Mandala-Osterei Experiment
Future of Work;Das virtuelle Büro – arbeiten wir bald alle in der virtuellen Welt?
Kolumne;Das Web hat ein Messie-Syndrom
Leseempfehlung;Data-Literacy-Kompetenzen vermitteln
Lehrstuhlnachrichten;DayCatcher: Achtsamkeits-Training in der Digitalen Welt
Praxisprojekt;DayCatcher: Achtsamkeits-Training in der Digitalen Welt
Digital;Der Tisch als Zentrum in der Zukunftswohnung
Future of Work;Design Fiction: Ein neuer Blickwinkel auf die (Arbeits-)Welt der Zukunft
Kolumne;Devices und Apps für Helikoptereltern – mit Fragezeichen
Digital;Die Digital-Entrepreneurship-Werkstatt auf der LEARNTEC2020
Learning Innovations;Die Digital-Entrepreneurship-Werkstatt auf der LEARNTEC2020
Lehrstuhlnachrichten;Die Digital-Entrepreneurship-Werkstatt auf der LEARNTEC2020
Digital;Die Entwicklung zur Mikromobilität in Europa: Der E-Tretroller
Kolumne;Die Erstbesteigung des Matterhorns im Startup-Jargon
Digital;Die Gewinner des Coronavirus? Teamview, Zoom und Co.
Future of Work;Die Gewinner des Coronavirus? Teamview, Zoom und Co.
Lehrstuhlnachrichten;Die Jurierung der eingereichten Lösungen für den Forum Day 2020 ist abgeschlossen
Mobile Business;Die Jurierung der eingereichten Lösungen für den Forum Day 2020 ist abgeschlossen
Smart-IoT;Die Jurierung der eingereichten Lösungen für den Forum Day 2020 ist abgeschlossen
Learning Innovations;Die Kunst des “Unlearnings”: Der Moment, in dem es “klick” macht
Leseempfehlung;Die Kunst des “Unlearnings”: Der Moment, in dem es “klick” macht
Digital;Die Numerokratie greift um sich – Wirken Rankings, Likes und Sternchen wie selbstverordnete Freiheitsberaubung?
Digital;Die Sprache der Videokonferenzen: die wichtigsten Handzeichen
Future of Work;Die Sprache der Videokonferenzen: die wichtigsten Handzeichen
Linktipps;Die Sprache der Videokonferenzen: die wichtigsten Handzeichen
Digital;Die Zukunft des Lernens: ein Goldman Sachs Briefing
Learning Innovations;Die Zukunft des Lernens: ein Goldman Sachs Briefing
Kolumne;Digital Ausmisten – im Stil von Marie Kondo
Learning Innovations;Digital Business Werkstatt erfolgreich lanciert
Lehrstuhlnachrichten;Digital Maturity & Transformation Report 2017
Leseempfehlung;Digital Natives – eine Legende
Digital;Digital Storytelling – möglicher Einsatz im Bildungskontext
Learning Innovations;Digital Storytelling – möglicher Einsatz im Bildungskontext
Linktipps;Digital Storytelling – möglicher Einsatz im Bildungskontext
Digital;Digital Storytelling am Zukunftstag
Learning Innovations;Digital Storytelling am Zukunftstag
Lehrstuhlnachrichten;Digital Storytelling am Zukunftstag
Lehrstuhlnachrichten;Digital Transformation Awards 2017 verliehen
Digital;Digital Twin – Was bringt eine virtuelle Vorlage am Beispiel Predictive Maintainance?
Lehrstuhlnachrichten;Digitale Transformation in der Praxis – Kundenorientierung, Innovation und Mut
Kolumne;Digitaler Maulkorb – mein Retusche-Favorit
Kolumne;Digitalisierung auf Deutsch und in Wortschönheiten
Learning Innovations;Digitalisierung bei der Sendung mit der Maus
Digital;Digitalisierung im Stadion – die Entwicklung einer mobilen Spieltags-App
Lehrstuhlnachrichten;Digitalisierung im Stadion – die Entwicklung einer mobilen Spieltags-App
Sports Digitalization;Digitalisierung im Stadion – die Entwicklung einer mobilen Spieltags-App
Learning Innovations;Digitalisierung in der Schule – woran hapert es?
Learning Innovations;Digitalisierung von Schulen mit der Schul-Cloud
Agile Innovation;Digitaltag Schweiz 2019: In unserer Digital-Entrepreneurship-Werkstatt spüren Schülerinnen und Schüler ersten Unternehmergeist
Digital;Digitaltag Schweiz 2019: In unserer Digital-Entrepreneurship-Werkstatt spüren Schülerinnen und Schüler ersten Unternehmergeist
Learning Innovations;Digitaltag Schweiz 2019: In unserer Digital-Entrepreneurship-Werkstatt spüren Schülerinnen und Schüler ersten Unternehmergeist
Lehrstuhlnachrichten;Digitaltag Schweiz 2019: In unserer Digital-Entrepreneurship-Werkstatt spüren Schülerinnen und Schüler ersten Unternehmergeist
Future of Work;DIY Education – was bedeutet dieser Trend für Unternehmen & Universitäten?
Learning Innovations;DIY Education – was bedeutet dieser Trend für Unternehmen & Universitäten?
Kolumne;Dozenten-Ichs und Klebeband für Lehre-Videos
Mobile Business;Drei App Stores für progressive Webapps
Leseempfehlung;Drei Fragen für die Persönlichkeitsentwicklung in «Das Café am Rande der Welt» (Buchreview)
Digital;Drohnen im Zirkus Cirque du Soleil – Wie verändert die Technologie die Zirkusaufführung?
Artificial Intelligence;Eddy: ein KI-Reiseassistent per Chat und Sprachnachricht
Digital;Eddy: ein KI-Reiseassistent per Chat und Sprachnachricht
Mobile Business;Eddy: ein KI-Reiseassistent per Chat und Sprachnachricht
Learning Innovations;Ein Programmier-Lehrer rappt: Let’s spread this AI power
Lehrstuhlnachrichten;Ein Rückblick auf den Forum Day 2020: Smart IoT & Mobile Business
Mobile Business;Ein Rückblick auf den Forum Day 2020: Smart IoT & Mobile Business
Smart-IoT;Ein Rückblick auf den Forum Day 2020: Smart IoT & Mobile Business
Lehrstuhlnachrichten;Einzug ins neue Gebäude
Digital;eLearning an Hochschulen – fehlende Bereitschaft der Dozierenden?
Learning Innovations;eLearning an Hochschulen – fehlende Bereitschaft der Dozierenden?
Digital;E-LEARNING SO GEFRAGT WIE NOCH NIE
Future of Work;E-LEARNING SO GEFRAGT WIE NOCH NIE
Learning Innovations;E-LEARNING SO GEFRAGT WIE NOCH NIE
Linktipps;E-LEARNING SO GEFRAGT WIE NOCH NIE
Sponsored Post;E-LEARNING SO GEFRAGT WIE NOCH NIE
Mobile Business;Elitebeds: Die vernetzte Matratze
Agile Innovation;Empfehlung: Future of Work Podcast der Bertelsmann Stiftung
Corporate Entrepreneurship;Empfehlung: Future of Work Podcast der Bertelsmann Stiftung
Future of Work;Empfehlung: Future of Work Podcast der Bertelsmann Stiftung
Mobile Business;Entdecke das Potenzial des Internet of Things
Lehrstuhlnachrichten;Enterprise Artificial Intelligence Studie – Interviewpartner gesucht!
Mobile Business;Erfahrungsbericht Social Media an der #wi2017 an der Universität St. Gallen (HSG)
Agile Innovation;Erfolgsfaktoren für digitale Solutions: Wie steht es um die Innovationskultur in Ihrem Unternehmen?
Digital;Erfolgsfaktoren für digitale Solutions: Wie steht es um die Innovationskultur in Ihrem Unternehmen?
Future of Work;Erfolgsfaktoren für digitale Solutions: Wie steht es um die Innovationskultur in Ihrem Unternehmen?
Lehrstuhlnachrichten;Erfolgsfaktoren für digitale Solutions: Wie steht es um die Innovationskultur in Ihrem Unternehmen?
Publikation;Erfolgsfaktoren für digitale Solutions: Wie steht es um die Innovationskultur in Ihrem Unternehmen?
Lehrstuhlnachrichten;Eröffnung Smartfeld
Digital;eSports Boom: Der Sport, der keiner sein darf
Mobile Business;Fokusthema Chatbots – Beispiel Flüchtlingshilfe: Ein Anwalt für Flüchtige
Mobile Business;Fokusthema Chatbots – Beispiel Versicherungsbranche: Dein neuer kleiner Helfer oder Automatisierung für Services?
Learning Innovations;Follow up zum Newsletter-Artikel zu Code-Plattformen – was über den Sommer geschah
Digital;Fortschrittsverfolgung der Digitalen Transformation im Unternehmen – ausgehend von Digitale Reife Assessments
Lehrstuhlnachrichten;Fortschrittsverfolgung der Digitalen Transformation im Unternehmen – ausgehend von Digitale Reife Assessments
Praxisprojekt;Fortschrittsverfolgung der Digitalen Transformation im Unternehmen – ausgehend von Digitale Reife Assessments
Lehrstuhlnachrichten;Forum Day 2020 Updates
Mobile Business;Forum Day 2020 Updates
Smart-IoT;Forum Day 2020 Updates
Lehrstuhlnachrichten;Forum Day und Jurytag sind auf unbestimmte Zeit verschoben
Mobile Business;Forum Day und Jurytag sind auf unbestimmte Zeit verschoben
Smart-IoT;Forum Day und Jurytag sind auf unbestimmte Zeit verschoben
Agile Innovation;Forum Day: Rückblick auf den «Smart IoT & Mobile Business Award»
Lehrstuhlnachrichten;Forum Day: Rückblick auf den «Smart IoT & Mobile Business Award»
Mobile Business;Forum Day: Rückblick auf den «Smart IoT & Mobile Business Award»
Praxisprojekt;Forum Day: Rückblick auf den «Smart IoT & Mobile Business Award»
Smart-IoT;Forum Day: Rückblick auf den «Smart IoT & Mobile Business Award»
Digital;Frank Thelen und die Digitalisierung der Schule: einfach mal machen!
Learning Innovations;Frank Thelen und die Digitalisierung der Schule: einfach mal machen!
Linktipps;Frank Thelen und die Digitalisierung der Schule: einfach mal machen!
Lehrstuhlnachrichten;Fraunhofer IAO Virtual World Tour – Registrierung jetzt möglich
Learning Innovations;Fremdsprachen lernen für Fortgeschrittene mit LingQ oder Duolingo
Digital;Garagisten und die Digitale Transformation
Kolumne;Gast-Kolumne: Agile Innovation für Next Generation Mobile Business – die Studien-Keynote zum 6. Mobile Business Forum
Digital;Global Learning Landscape 2021
Future of Work;Global Learning Landscape 2021
Learning Innovations;Global Learning Landscape 2021
Learning to Code;Global Learning Landscape 2021
Linktipps;Global Learning Landscape 2021
Management Tools;Global Learning Landscape 2021
Digital;Google Duplex: Guten Tag, ich möchte einen Tisch für 4 Personen am Mittwochabend reservieren
Learning Innovations;Gruppen gerechter zuteilen mit Flippity
Digital;Highlights aus dem Kurzreport „Transformation in der Praxis“
Corporate Entrepreneurship;Highlights vom Start Summit: Auf der Suche nach dem «Unicorn»
Future of Work;Highlights vom Start Summit: Auf der Suche nach dem «Unicorn»
Digital;High-Resolution Prototyp für das Gesundheitswesen
Lehrstuhlnachrichten;High-Resolution Prototyp für das Gesundheitswesen
Linktipps;High-Resolution Prototyp für das Gesundheitswesen
Mobile Business;High-Resolution Prototyp für das Gesundheitswesen
Praxisprojekt;High-Resolution Prototyp für das Gesundheitswesen
Smart-IoT;High-Resolution Prototyp für das Gesundheitswesen
Kolumne;Infantilisierung von Management Literatur oder progressives Design?
Lehrstuhlnachrichten;Innovation durch den Einsatz von Enterprise IoT-Lösungen: Ein Modell zur Bestimmung des Innovationspotenzials
Publikation;Innovation durch den Einsatz von Enterprise IoT-Lösungen: Ein Modell zur Bestimmung des Innovationspotenzials
Smart-IoT;Innovation durch den Einsatz von Enterprise IoT-Lösungen: Ein Modell zur Bestimmung des Innovationspotenzials
Kolumne;Innovationskultur ist heutzutage in Stein gemeisselt
Lehrstuhlnachrichten;Insights aus unseren studentischen Projekten
Lehrstuhlnachrichten;Insights aus unseren studentischen Projekten
Praxisprojekt;Insights aus unseren studentischen Projekten
Allgemein;Insights vom 49. St.Gallen Symposium zum Thema “Capital for Purpose”
Future of Work;Insights vom 49. St.Gallen Symposium zum Thema “Capital for Purpose”
Future of Work;Insights vom St. Gallen Symposium “Beyond the End of Work”
Lehrstuhlnachrichten;Interesse an Digital Transformation Maturity Assessment und Studie hoch
Learning Innovations;Internettrends 2017 von Mary Meeker
Future of Work;Interview mit Barbara Josef
Learning Innovations;Interview mit Prof. Back von Learning Insights zur Lernkultur
Digital;IOTA: Das Zahlungssystem im “Internet of Things”
Digital;Jäger, Hirten, Krtiker – Eine Utopie für die digitale Gesellschaft (Buchreview)
Future of Work;Jäger, Hirten, Krtiker – Eine Utopie für die digitale Gesellschaft (Buchreview)
Cyber Security;Jami – sicher chatten durch Blockchain
Digital;Jami – sicher chatten durch Blockchain
Linktipps;Jami – sicher chatten durch Blockchain
Mobile Business;Jami – sicher chatten durch Blockchain
Lehrstuhlnachrichten;Jetzt Einreichen oder Workshop-Partner werden
Mobile Business;Jetzt Einreichen oder Workshop-Partner werden
Smart-IoT;Jetzt Einreichen oder Workshop-Partner werden
Leseempfehlung;JIM-Studie 2017 zum Medienumgang von Jugendlichen
Mobile Business;Kennen Sie noch den Indicaball? Jetzt als Kamera!
Learning Innovations;Khan Lab School – Im Silicon Valley wird Schule neu erfunden (Interview Teil 1 von 4)
Learning Innovations;Khan Lab School – Im Silicon Valley wird Schule neu erfunden (Interview Teil 2 von 4)
Learning Innovations;Khan Lab School – Im Silicon Valley wird Schule neu erfunden (Interview Teil 3 von 4)
Learning Innovations;Khan Lab School – Im Silicon Valley wird Schule neu erfunden (Interview Teil 4 von 4)
Learning Innovations;Khan Lab School Learning Spaces – So sieht die Schule der Zukunft aus!
Digital;Kleines E-Learning Glossar
Future of Work;Kleines E-Learning Glossar
Learning Innovations;Kleines E-Learning Glossar
Linktipps;Kleines E-Learning Glossar
Future of Work;Kollaborativ arbeiten von überall mit dem “Realtimeboard”
Kolumne;Kolumne: Ärgernis Konferenz-Badges – Call for Start-up Action
Kolumne;Kolumne: Augmented Reality am Frühstückstisch – ganz ohne Computertechnik
Kolumne;Kolumne: Auswüchse des Open Space Büros – Rennen und Ruhe
Kolumne;Kolumne: Bessermeckern von Besserwissern
Kolumne;Kolumne: Cloud – aber anders als Sie denken
Kolumne;Kolumne: Das Buch in Zukunft – es schlägt zurück
Kolumne;Kolumne: Die Webdienstgeister, die ich rief…
Kolumne;Kolumne: Digitaler Anstand auf weiss gedeckten Tischen
Kolumne;Kolumne: Digitales Spiegelkabinett
Kolumne;Kolumne: Drohnen und Big Data statt Kuhglocken und Big Sounds
Kolumne;Kolumne: Eine Klasse von über 400 Primarschulkindern unterrichten – ist das ein Guinness World Record?
Kolumne;Kolumne: Fake Nudges für die Lernmotivation – oder doch nicht?
Kolumne;Kolumne: Grand Challenges im Fokus der Forschung – Micro Challenges ungelöst
Kolumne;Kolumne: Gut gibt es Ideenklau
Kolumne;Kolumne: Humanoide Roboter machen uns zu robotoiden Menschen
Kolumne;Kolumne: Im Silicon Valley wird Scheitern gefeiert – Failure ist gut – wirklich?
Kolumne;Kolumne: Jetzt hört es aber auf
Kolumne;Kolumne: Konferenzticker – mit Nichtgetwittertem
Kolumne;Kolumne: Leben mit einem Algorithmus als Hausgenosse
Kolumne;Kolumne: Leseempfehlungen für nachdenkliche Sommerstunden
Kolumne;Kolumne: Lesersicht – ein Buch ist Werkstoff, nicht Werk
Kolumne;Kolumne: Living Instruments – Sinneserweiterung durch Sensoren und Computer
Kolumne;Kolumne: Meine Aufmerksamkeit gehört mir
Kolumne;Kolumne: Meinungsumschwung: Bitte Abschalten!
Kolumne;Kolumne: Nach 2 Büchern vom – und 4 Wochen im Silicon Valley
Kolumne;Kolumne: Nichts geht mehr ohne Video
Kolumne;Kolumne: No bla, just do – in Leonardo da Vinci’s Malatelier
Kolumne;Kolumne: NoPhone – Stone Phone – Schoko-Phone
Kolumne;Kolumne: Nudging durch Büroeinrichtung
Kolumne;Kolumne: Science Fiction wird unmerklich wahr
Kolumne;Kolumne: Sehnsucht nach erträglicher Langsamkeit des Seins
Kolumne;Kolumne: Social Business – (M)Ein Baum mit RFID-Chip
Kolumne;Kolumne: The Next Big Thing – Nicht in MEINEM Koffer
Kolumne;Kolumne: Trendscouting Schlafen 4.0
Kolumne;Kolumne: TV Soaps Kill the Case Teaching Stars
Kolumne;Kolumne: Unsere Abwesenheitsmeldungen im eMail sagen mehr als Out-of-Office
Kolumne;Kolumne: Unterrichten – Kochen – Shoppen. FLIPPED geht alles besser
Kolumne;Kolumne: Velo-Umwege digital, aber mit Herz
Kolumne;Kolumne: Video-Serie Pralideen – ein CEO und sein Chauffeur haben mich darauf gebracht
Kolumne;Kolumne: Von der Kunst, Kunst zu unterrichten
Kolumne;Kolumne: Von wegen Kundenzentriertheit – Wie verlogen ist das denn?
Kolumne;Kolumne: Was auf der Liste der ungelösten Probleme fehlt
Kolumne;Kolumne: Wenn Entscheidungsschwäche zum Produkt-Feature wird
Kolumne;Kolumne: Zeitgemässes Arbeitsambiente – Kaffeehaus, Hotel oder Raumstation?
Kolumne;Kolumne: Zuhause hütteln, ausser Haus loungen
Digital;Konfrontiert mit einer Flut von Kooperationsanfragen: So meistern Sportorganisationen die systematische Analyse und Bearbeitung
Lehrstuhlnachrichten;Konfrontiert mit einer Flut von Kooperationsanfragen: So meistern Sportorganisationen die systematische Analyse und Bearbeitung
Leseempfehlung;Konfrontiert mit einer Flut von Kooperationsanfragen: So meistern Sportorganisationen die systematische Analyse und Bearbeitung
Sports Digitalization;Konfrontiert mit einer Flut von Kooperationsanfragen: So meistern Sportorganisationen die systematische Analyse und Bearbeitung
Digital;Kostenloses E-Learning zu Präventionsmassnahmen des Coronavirus
Learning Innovations;Kostenloses E-Learning zu Präventionsmassnahmen des Coronavirus
Linktipps;Kostenloses E-Learning zu Präventionsmassnahmen des Coronavirus
Sponsored Post;Kostenloses E-Learning zu Präventionsmassnahmen des Coronavirus
Kolumne;Kreativität ist unbequem und voll Schamesröte
Learning Innovations;Künstliche Intelligenz im Bildungssektor: Robo-Grader und Lernnavis
Digital;Künstliche Intelligenz und Kunst: Ersetzt KI bald auch die Künstler
Digital;Lach- und Sachgeschichten von der Maus: SmartHome
Smart-IoT;Lach- und Sachgeschichten von der Maus: SmartHome
Digital;Learning Analytics – Das Lernen der Zukunft basiert auf Smart Data
Learning Innovations;Learning Analytics – Das Lernen der Zukunft basiert auf Smart Data
Linktipps;Learning Analytics – Das Lernen der Zukunft basiert auf Smart Data
Future of Work;Lego im Büro: Zwei Anwendungsbeispiele
Learning Innovations;Lernen ist Thema im Internet Trend Report 2018
Learning Innovations;Lernen selbst in die Hand nehmen – angefangen mit Lesen, Schreiben und Rechnen
Learning Innovations;Lerninhalte interessant verpacken mit sprechenden Charakteren von Voki
Leseempfehlung;Leseempfehlung: Studie über den Einsatz interner sozialer Netzwerke in Unternehmen
Mobile Business;Librestream gewinnt den Mobile Business Best Practice Award
Mobile Business;Living Packets: Die Revolution im E-Commerce
Smart-IoT;Living Packets: Die Revolution im E-Commerce
Digital;Management Weiterbildung – Megatrends sprechen für Aufwind
Future of Work;Management Weiterbildung – Megatrends sprechen für Aufwind
Linktipps;Management Weiterbildung – Megatrends sprechen für Aufwind
Artificial Intelligence;Manipulierte Videos: Die Gefahr durch Deepfakes
Digital;Maschinelles Lernen bei den Zooglern im neuen Office
Leseempfehlung;Meet-up-Spirit für effektive Meetings
Cyber Security;Mehr (digitale) Privatsphäre durch besondere Kleidung?
Digital;Mehr (digitale) Privatsphäre durch besondere Kleidung?
Leseempfehlung;Mehr (digitale) Privatsphäre durch besondere Kleidung?
Linktipps;Mehr (digitale) Privatsphäre durch besondere Kleidung?
Mobile Business;Mehr Freiheit ohne Internet
Lehrstuhlnachrichten;Mein Interview: Neue Jobprofile wird es längst geben, bevor sie einen Namen haben
Future of Work;Mein Neinsag Freund und Helfer
Digital;Methoden zur effektiveren Gestaltung von E-Postern
Learning Innovations;Methoden zur effektiveren Gestaltung von E-Postern
Linktipps;Methoden zur effektiveren Gestaltung von E-Postern
Kolumne;Mindful Working – Achtsamkeit beim Arbeiten
Digital;Mit dem Selfie zur mobilen Bewerbung?
Mobile Business;Mit dem Selfie zur mobilen Bewerbung?
Learning Innovations;M-Learning: Wenn das Smartphone dich smart macht
Leseempfehlung;MMB Learning Delphi: Erklärfilme als Umsatzbringer der Stunde
Mobile Business;Mobile Apps im Gesundheitsbereich
Mobile Business;Mobile Learning mit Blinkist: Lesen im Schnelldurchlauf
Leseempfehlung;Monitor Digitale Bildung: Die Weiterbildung im digitalen Zeitalter
Digital;Motivation für die Online-Lehre: das preisgekrönte Video von Maryam Tsegaye
Learning Innovations;Motivation für die Online-Lehre: das preisgekrönte Video von Maryam Tsegaye
Leseempfehlung;Motivation für die Online-Lehre: das preisgekrönte Video von Maryam Tsegaye
Linktipps;Motivation für die Online-Lehre: das preisgekrönte Video von Maryam Tsegaye
Lehrstuhlnachrichten;Must Follow: Entwicklungen, Trends sowie Praxisbeispiele rund um das Thema «Programmieren für Kinder und Jugendliche»
Learning Innovations;Nachnominationen für Top Tools für Learning
Digital;Neue EU-Urheberrechtsreform: Ein Filter für das Internet
Lehrstuhlnachrichten;Neue Publikation: Exploring Innovation Practices for B2E Initiatives in the Digital Age
Lehrstuhlnachrichten;Neues (altes) Gesicht am Lehrstuhl: Lena-Marie Pätzmann
Lehrstuhlnachrichten;Neues Gesicht am Lehrstuhl
Lehrstuhlnachrichten;Neues Heft zum Thema “Innovate Innovation Management”
Lehrstuhlnachrichten;Neues Lehrformat “xCamp@HSG”: Wie sich Online- und Präsenzlernen verbinden lassen
Digital;Neues Projekt mit Smartfeld: filMINT für Kinder und Jugendliche
Learning Innovations;Neues Projekt mit Smartfeld: filMINT für Kinder und Jugendliche
Lehrstuhlnachrichten;Neues Projekt mit Smartfeld: filMINT für Kinder und Jugendliche
Praxisprojekt;Neues Projekt mit Smartfeld: filMINT für Kinder und Jugendliche
Lehrstuhlnachrichten;News vom Smartfeld
Digital;Noch bis zum 3. März Ihre Lösung einreichen und den Smart IoT oder Mobile Business Award 2020 gewinnen
Lehrstuhlnachrichten;Noch bis zum 3. März Ihre Lösung einreichen und den Smart IoT oder Mobile Business Award 2020 gewinnen
Mobile Business;Noch bis zum 3. März Ihre Lösung einreichen und den Smart IoT oder Mobile Business Award 2020 gewinnen
Smart-IoT;Noch bis zum 3. März Ihre Lösung einreichen und den Smart IoT oder Mobile Business Award 2020 gewinnen
Lehrstuhlnachrichten;Noch einen Monat: Reichen Sie bis zum 12.3 Ihre Smart IoT oder Mobile Business Solution ein und nehmen Sie am Forum Day 2021 teil
Mobile Business;Noch einen Monat: Reichen Sie bis zum 12.3 Ihre Smart IoT oder Mobile Business Solution ein und nehmen Sie am Forum Day 2021 teil
Smart-IoT;Noch einen Monat: Reichen Sie bis zum 12.3 Ihre Smart IoT oder Mobile Business Solution ein und nehmen Sie am Forum Day 2021 teil
Digital;Online-Veranstaltung am 22./23. Feb:  «Willkommen in den Zwanzigern – gewinnen und scheitern mit digitaler Bildung»
Future of Work;Online-Veranstaltung am 22./23. Feb: «Willkommen in den Zwanzigern – gewinnen und scheitern mit digitaler Bildung»
Learning Innovations;Online-Veranstaltung am 22./23. Feb: «Willkommen in den Zwanzigern – gewinnen und scheitern mit digitaler Bildung»
Future of Work;Open Desk: Modeerscheinung oder Produktivitätsmaschine?
Digital;Privacy International: Eine Organisation gegen den Datenkapitalismus
Lehrstuhlnachrichten;Produktmanager bei Google – Masterstudierende besuchen Z(G)oogler in Zürich
Mobile Business;Progressive Web Apps: Das Web wird nativer
Mobile Business;QR-Codes bald im Höhenflug
Learning Innovations;Raum für die Prinzipien des neuen Lernens (Buchbeitrag)
Lehrstuhlnachrichten;Raum für die Prinzipien des neuen Lernens (Buchbeitrag)
Learning Innovations;re:publica – Die besten Vorträge rund um E-Learning & Kollaboration
Digital;Regierung bewilligt ITBO-Projektauftrag zur Digital-Entrepreneurship-Werkstatt
Learning Innovations;Regierung bewilligt ITBO-Projektauftrag zur Digital-Entrepreneurship-Werkstatt
Lehrstuhlnachrichten;Regierung bewilligt ITBO-Projektauftrag zur Digital-Entrepreneurship-Werkstatt
Kolumne;REgnosen statt PROgnosen wenn die Zukunft ihre Richtung ändert
Digital;Replika: Mit einem Bot über Gefühle reden
Digital;Research Salon Online via ZOOM
Lehrstuhlnachrichten;Research Salon Online via ZOOM
Artificial Intelligence;Roboter löst Rubik’s Cube ohne menschliche Hilfe
Future of Work;Roboter Pepper als Unterrichtsassistent
Lehrstuhlnachrichten;Rückblick: Research Salon in Varenna
Digital;Safefood.ai – Mit künstlicher Intelligenz zu mehr Lebensmittelsicherheit
Digital;Save the Date! Am 14. Mai 2020 findet der nächste Smart IoT & Mobile Business Forum Day statt.
Lehrstuhlnachrichten;Save the Date! Am 14. Mai 2020 findet der nächste Smart IoT & Mobile Business Forum Day statt.
Mobile Business;Save the Date! Am 14. Mai 2020 findet der nächste Smart IoT & Mobile Business Forum Day statt.
Smart-IoT;Save the Date! Am 14. Mai 2020 findet der nächste Smart IoT & Mobile Business Forum Day statt.
Lehrstuhlnachrichten;Save the Date! Am 20. Mai 2021 findet der nächste Smart IoT & Mobile Business Forum Day statt.
Mobile Business;Save the Date! Am 20. Mai 2021 findet der nächste Smart IoT & Mobile Business Forum Day statt.
Smart-IoT;Save the Date! Am 20. Mai 2021 findet der nächste Smart IoT & Mobile Business Forum Day statt.
Learning Innovations;Schulkinder vertrauen Alexa nicht
Linktipps;Schulkinder vertrauen Alexa nicht
Leseempfehlung;Silicon Valley Satire – Mehr als eine Kurzgeschichte
Lehrstuhlnachrichten;Smart IoT & Mobile Business Awards 2019: Reichen Sie jetzt ein
Mobile Business;Smart IoT & Mobile Business Awards 2019: Zeit zum Einreichen bis 15. April
Smart-IoT;Smart IoT & Mobile Business Awards 2019: Zeit zum Einreichen bis 15. April
Digital;Smarte Zigaretten – wie Philip Morris das Internet of Things ad absurdum führt
Digital;Sound of Colleagues – Geräusche aus dem Büro
Linktipps;Sound of Colleagues – Geräusche aus dem Büro
Lehrstuhlnachrichten;Sounding Persons für die Themenfelder Mobile Business und (smart) Internet of Things gesucht
Mobile Business;Spielerisch Lernen mit Quizzen von Kahoot!
Digital;Storytelling im eLearning Kontext – Tipps für die Praxis
Future of Work;Storytelling im eLearning Kontext – Tipps für die Praxis
Learning Innovations;Storytelling im eLearning Kontext – Tipps für die Praxis
Leseempfehlung;Storytelling im eLearning Kontext – Tipps für die Praxis
Linktipps;Storytelling im eLearning Kontext – Tipps für die Praxis
Digital;Studie – Digital Transformation Index 2020 von Dell Technologies
Leseempfehlung;Studie – Digital Transformation Index 2020 von Dell Technologies
Linktipps;Studie – Digital Transformation Index 2020 von Dell Technologies
Digital;Studie zu E-Learning Trends – wie klappt das E-Learning bei Ihnen im Unternehmen?
Future of Work;Studie zu E-Learning Trends – wie klappt das E-Learning bei Ihnen im Unternehmen?
Learning Innovations;Studie zu E-Learning Trends – wie klappt das E-Learning bei Ihnen im Unternehmen?
Sponsored Post;Studie zu E-Learning Trends – wie klappt das E-Learning bei Ihnen im Unternehmen?
Leseempfehlung;Studie: Informationskompetenz bei Studierenden der Wirtschaftswissenschaften
Future of Work;Substitut oder Komplement? Wenn Roboter unsere Arbeitsplätze übernehmen
Mobile Business;Super Humans als Makrotrend 2030 – und was heisst das für Mitarbeitende?
Agile Innovation;Swissteach AG gemeinsam mit CULTURE CONTACT auf dem Vormarsch in Sachen «Kulturelle Kompetenz»
Artificial Intelligence;Swissteach AG gemeinsam mit CULTURE CONTACT auf dem Vormarsch in Sachen «Kulturelle Kompetenz»
Digital;Swissteach AG gemeinsam mit CULTURE CONTACT auf dem Vormarsch in Sachen «Kulturelle Kompetenz»
Future of Work;Swissteach AG gemeinsam mit CULTURE CONTACT auf dem Vormarsch in Sachen «Kulturelle Kompetenz»
Learning Innovations;Swissteach AG gemeinsam mit CULTURE CONTACT auf dem Vormarsch in Sachen «Kulturelle Kompetenz»
Linktipps;Swissteach AG gemeinsam mit CULTURE CONTACT auf dem Vormarsch in Sachen «Kulturelle Kompetenz»
Sponsored Post;Swissteach AG gemeinsam mit CULTURE CONTACT auf dem Vormarsch in Sachen «Kulturelle Kompetenz»
Mobile Business;Symbiose aus stationärem und Online-Handel mit Startup NearSt
Learning Innovations;Teach to One: Das Lernmodell der Zukunft?
Kolumne;Technikzeitreise – wie waren wir vor 30-20-10 Jahren digital unterwegs?
Learning Innovations;Teil 1/5 [Lernkultur]: Raum für neue Lernkultur an der Uni St.Gallen – der Spatenstich ist gemacht
Lehrstuhlnachrichten;Teil 1/5 [Lernkultur]: Raum für neue Lernkultur an der Uni St.Gallen – der Spatenstich ist gemacht
Learning Innovations;Teil 2/5 [Lernkultur]: Raum für neue Lernkultur an der Uni St.Gallen – die 4 P’s. Fokus “Projects”
Future of Work;Teil 3/5 [Lernkultur]: Raum für neue Lernkultur an der Uni St.Gallen – die 4 P’s. Fokus “Play”
Learning Innovations;Teil 3/5 [Lernkultur]: Raum für neue Lernkultur an der Uni St.Gallen – die 4 P’s. Fokus “Play”
Digital;Teil 4/5 [Lernkultur]: Raum für neue Lernkultur an der Uni St.Gallen – Was bedeutet “Agil” wirklich?
Future of Work;Teil 4/5 [Lernkultur]: Raum für neue Lernkultur an der Uni St.Gallen – Was bedeutet “Agil” wirklich?
Learning Innovations;Teil 4/5 [Lernkultur]: Raum für neue Lernkultur an der Uni St.Gallen – Was bedeutet “Agil” wirklich?
Agile Innovation;Teil 5/5 [Lernkultur]: Raum für neue Lernkultur an der Uni St.Gallen – Warum “positive Fehlerkultur” ein unglücklicher Begriff ist
Future of Work;Teil 5/5 [Lernkultur]: Raum für neue Lernkultur an der Uni St.Gallen – Warum “positive Fehlerkultur” ein unglücklicher Begriff ist
Learning Innovations;Teil 5/5 [Lernkultur]: Raum für neue Lernkultur an der Uni St.Gallen – Warum “positive Fehlerkultur” ein unglücklicher Begriff ist
Linktipps;Teil 5/5 [Lernkultur]: Raum für neue Lernkultur an der Uni St.Gallen – Warum “positive Fehlerkultur” ein unglücklicher Begriff ist
Mobile Business;Thunkable: App-Entwicklung für jedermann
Productivity Tools;Time-Tracking – Effizienteres Arbeiten mit Timeular’s Zei
Digital;Tipps und Tricks für erfolgreiches Präsentieren in Videokonferenzen
Future of Work;Tipps und Tricks für erfolgreiches Präsentieren in Videokonferenzen
Leseempfehlung;Tipps und Tricks für erfolgreiches Präsentieren in Videokonferenzen
Learning Innovations;Top Learning Tools 2018
Artificial Intelligence;Trendradar von fortiss zu aktuellen Softwarethemen
Digital;Trendradar von fortiss zu aktuellen Softwarethemen
Linktipps;Trendradar von fortiss zu aktuellen Softwarethemen
Leseempfehlung;Triple Overload: Immer hochgradig beschäftigt
Digital;Überraschungen beim digitalen Reifegrad – Vortrag von Andrea Back
Lehrstuhlnachrichten;Überraschungen beim digitalen Reifegrad – Vortrag von Andrea Back
Digital;Und was bedeutet die Digitalisierung für unsere Branche?
Agile Innovation;Unser Beitrag “The Startup Collaboration Model” im Buch Ecosystem Innovation von Kickstart
Lehrstuhlnachrichten;Unser Beitrag “The Startup Collaboration Model” im Buch Ecosystem Innovation von Kickstart
Publikation;Unser Beitrag “The Startup Collaboration Model” im Buch Ecosystem Innovation von Kickstart
Mobile Business;Unsere Agile Innovation Studie ist da!
Agile Innovation;Unsere Empfehlung: Online Brainstorming Tool „Miro“
Digital;Unsere Empfehlung: Online Brainstorming Tool „Miro“
Future of Work;Unsere Empfehlung: Online Brainstorming Tool „Miro“
Learning Innovations;Unsere Empfehlung: Online Brainstorming Tool „Miro“
Management Tools;Unsere Empfehlung: Online Brainstorming Tool „Miro“
Productivity Tools;Unsere Empfehlung: Online Brainstorming Tool „Miro“
Allgemein;Unsere Linktipps im Februar
Linktipps;Unsere Linktipps im Februar
Mobile Business;Unsere Mobile Business Studie 2017 – Mit agiler Innovation zu Next Generation Mobile Business
Lehrstuhlnachrichten;Unterrichtsmodul zur Künstlichen Intelligenz – von Studierenden, für Studierende
Digital;Verhältnis Digitalisierung in Deutschland vs. USA – wo sind die Unterschiede?
Future of Work;Vier Zukunftsbilder für die Arbeitswelt 2030
Lehrstuhlnachrichten;Virtual World Tour: Behind the Scenes
Mobile Business;Virtual-Reality-Erfahrungen werden mit Daten zu Extrememotionen angereichert
Agile Innovation;Vision Videos – ein Medium für eine geteilte Projektvision in studentischen Teams oder im Unternehmen
Digital;Vision Videos – ein Medium für eine geteilte Projektvision in studentischen Teams oder im Unternehmen
Learning Innovations;Visuelle Lernerfahrungen erstellen mit Thinglink
Lehrstuhlnachrichten;Vortrag über Reiseerfahrungen im Silicon Valley
Digital;Was lesen Digital Manager? Fachzeitschriften vs. Soziale Medien
Kolumne;Was wäre was Wildes?
Digital;Webbrowser – Was gibt es neben Google Chrome und Safari sonst noch?
Digital;Welche Trends werden in drei Jahren das digitale Lernen und die Weiterbildung bestimmen?
Future of Work;Welche Trends werden in drei Jahren das digitale Lernen und die Weiterbildung bestimmen?
Learning Innovations;Welche Trends werden in drei Jahren das digitale Lernen und die Weiterbildung bestimmen?
Leseempfehlung;Welche Trends werden in drei Jahren das digitale Lernen und die Weiterbildung bestimmen?
Linktipps;Welche Trends werden in drei Jahren das digitale Lernen und die Weiterbildung bestimmen?
Mobile Business;Welche Trends werden in drei Jahren das digitale Lernen und die Weiterbildung bestimmen?
Leseempfehlung;Wenn Website-Redesign ansteht, dann geht SEO jeden an
Digital;Wer die Leitungsfunktion für digitale Transformation inne hat
Kolumne;Wer ist eigentlich der Wettkönig zu 3D-Welten?
Learning Innovations;Wie Augmented Reality das Lernen revolutionieren wird
Digital;Wie Digital Corporate Publishing heute funktioniert
Digital;Wie fühlt es sich an von Robotern bekocht zu werden?
Linktipps;Wie fühlt es sich an von Robotern bekocht zu werden?
Learning Innovations;Wie kann die Abbrecherquote von MOOCs reduziert werden?
Digital;Wie Videoüberwachung einen neuen Make-up-Stil hervorbringt
Future of Work;Wird an Mitarbeitenden vorbei entschieden?
Learning Innovations;World Climate – Ein Spiel für den Klimaschutz (und Vorbild für modernes Lernen)
Future of Work;Wozu noch arbeiten? Vor uns liegt eine Kostenlos-Zukunft
Kolumne;Zeitkapselwunsch 2050: Der nächste Hochschulbau wird ein Ufo
Digital;ZPE 2020: Digitaler Thementag „Learning & Training“ am 14. Oktober
Future of Work;ZPE 2020: Digitaler Thementag „Learning & Training“ am 14. Oktober
Learning Innovations;ZPE 2020: Digitaler Thementag „Learning & Training“ am 14. Oktober
Linktipps;ZPE 2020: Digitaler Thementag „Learning & Training“ am 14. Oktober
Digital;Zukunftsforscher Janszky über unser Leben und Arbeiten im Jahr 2030
Future of Work;Zukunftsforscher Janszky über unser Leben und Arbeiten im Jahr 2030
Leseempfehlung;Zukunftsforscher Janszky über unser Leben und Arbeiten im Jahr 2030
Linktipps;Zukunftsforscher Janszky über unser Leben und Arbeiten im Jahr 2030
Digital;Zurück ins Büro? Mit diesen Veränderungen könnte es gehen (trotz Corona)
Future of Work;Zurück ins Büro? Mit diesen Veränderungen könnte es gehen (trotz Corona)
Leseempfehlung;Zurück ins Büro? Mit diesen Veränderungen könnte es gehen (trotz Corona)
Linktipps;Zurück ins Büro? Mit diesen Veränderungen könnte es gehen (trotz Corona)
Agile Innovation;Zwanzig Aspekte von Innovationskultur, um digitale Lösungen zu entwickeln – Wie steht es bei Ihnen?
Digital;Zwanzig Aspekte von Innovationskultur, um digitale Lösungen zu entwickeln – Wie steht es bei Ihnen?
Lehrstuhlnachrichten;Zwanzig Aspekte von Innovationskultur, um digitale Lösungen zu entwickeln – Wie steht es bei Ihnen?
